Id,Nausea,Oculomotor,Disorientation,TotalScore,Group
6,9.54,7.58,0.0,64.03,LOW
2,9.54,7.58,27.84,168.15,LOW
17,9.54,22.74,27.84,224.85,LOW
14,19.08,15.16,27.84,232.18,LOW
10,28.62,37.9,0.0,248.78,LOW
16,19.08,22.74,41.76,312.59,LOW
0,28.62,7.58,55.68,343.63,LOW
5,0.0,37.9,55.68,349.99,LOW
11,28.62,30.32,41.76,376.62,LOW
8,19.08,30.32,55.68,393.0,LOW
4,38.16,45.48,27.84,416.94,LOW
21,19.08,37.9,69.6,473.4,HIGH
20,57.24,30.32,55.68,535.72,HIGH
13,57.24,45.48,55.68,592.42,HIGH
9,85.86,30.32,69.6,694.82,HIGH
15,104.94,30.32,69.6,766.18,HIGH
18,47.7,68.22,97.44,797.97,HIGH
12,47.7,60.64,111.36,821.68,HIGH
1,66.78,53.06,125.28,916.75,HIGH
7,57.24,121.28,208.8,1448.58,HIGH
19,114.48,144.02,208.8,1747.7,HIGH
3,171.72,98.54,222.72,1843.75,HIGH